step,train_loss,train_loss_l,train_loss_u,val_loss,val_acc,pseudo_acc,accepted
63,1.9500,1.9500,0.0000,2.1109,0.2020,0.0000,0
126,1.7355,1.7355,0.0000,2.1109,0.2020,0.0000,0
189,1.6296,1.6291,0.0005,2.1109,0.2020,0.8667,15
252,1.5456,1.5438,0.0018,2.1109,0.2020,0.8679,53
315,1.4556,1.4518,0.0039,2.1109,0.2020,0.9254,134
378,1.3925,1.3825,0.0099,2.1109,0.2020,0.9386,277
441,1.3200,1.2982,0.0218,2.1109,0.2020,0.9297,768
504,1.2650,1.2254,0.0397,2.3779,0.3760,0.9449,1380
567,1.2248,1.1630,0.0618,2.3779,0.3760,0.9503,2174
630,1.1684,1.1083,0.0600,2.3779,0.3760,0.9504,2276
693,1.1313,1.0459,0.0854,2.3779,0.3760,0.9590,3314
756,1.1108,1.0284,0.0824,2.3779,0.3760,0.9618,3480
819,1.0737,0.9744,0.0992,2.3779,0.3760,0.9586,4086
882,1.0521,0.9567,0.0954,2.3779,0.3760,0.9694,4406
945,1.0263,0.9205,0.1058,2.3779,0.3760,0.9630,4709
1008,0.9767,0.8616,0.1152,2.1864,0.4840,0.9683,5430
1071,0.9479,0.8273,0.1206,2.1864,0.4840,0.9643,5875
1134,0.9491,0.8261,0.1230,2.1864,0.4840,0.9685,6134
1197,0.9155,0.7899,0.1256,2.1864,0.4840,0.9593,6542
1260,0.8867,0.7488,0.1379,2.1864,0.4840,0.9640,7037
1323,0.8724,0.7327,0.1398,2.1864,0.4840,0.9630,7307
1386,0.8350,0.6829,0.1521,2.1864,0.4840,0.9614,7903
1449,0.8243,0.6690,0.1554,2.1864,0.4840,0.9643,8271
1512,0.7996,0.6351,0.1646,2.5024,0.4880,0.9603,8650
1575,0.7663,0.6099,0.1564,2.5024,0.4880,0.9636,8947
1638,0.7671,0.5885,0.1786,2.5024,0.4880,0.9597,9577
1701,0.7424,0.5682,0.1742,2.5024,0.4880,0.9621,9691
1764,0.7244,0.5443,0.1800,2.5024,0.4880,0.9594,10062
1827,0.7008,0.5106,0.1902,2.5024,0.4880,0.9575,10648
1890,0.6817,0.4938,0.1879,2.5024,0.4880,0.9609,10756
1953,0.6784,0.4801,0.1983,2.5024,0.4880,0.9545,11008
2016,0.6694,0.4728,0.1966,1.0533,0.6840,0.9582,11044
2079,0.6251,0.4231,0.2020,1.0533,0.6840,0.9542,11724
2142,0.6153,0.4082,0.2071,1.0533,0.6840,0.9569,11924
2205,0.6143,0.3977,0.2166,1.0533,0.6840,0.9527,12397
2268,0.6151,0.3914,0.2237,1.0533,0.6840,0.9581,12421
2331,0.5841,0.3669,0.2172,1.0533,0.6840,0.9557,12696
2394,0.5587,0.3340,0.2247,1.0533,0.6840,0.9526,12963
2457,0.5758,0.3332,0.2426,1.0533,0.6840,0.9464,13590
2520,0.5800,0.3474,0.2326,1.7006,0.5820,0.9523,12989
2583,0.5329,0.3001,0.2328,1.7006,0.5820,0.9501,13732
2646,0.5575,0.3124,0.2451,1.7006,0.5820,0.9465,13935
2709,0.5492,0.3070,0.2422,1.7006,0.5820,0.9491,13822
2772,0.5237,0.2754,0.2483,1.7006,0.5820,0.9496,14375
2835,0.5080,0.2736,0.2345,1.7006,0.5820,0.9498,14190
2898,0.4788,0.2302,0.2486,1.7006,0.5820,0.9469,14647
2961,0.4834,0.2320,0.2514,1.7006,0.5820,0.9442,14743
3024,0.4881,0.2384,0.2497,1.2733,0.6510,0.9392,14798
3087,0.4777,0.2212,0.2564,1.2733,0.6510,0.9427,15098
3150,0.4685,0.2209,0.2476,1.2733,0.6510,0.9447,15166
3213,0.4608,0.1962,0.2646,1.2733,0.6510,0.9434,15538
3276,0.4674,0.2045,0.2630,1.2733,0.6510,0.9456,15602
3339,0.4425,0.1835,0.2589,1.2733,0.6510,0.9402,15731
3402,0.4402,0.1824,0.2578,1.2733,0.6510,0.9418,15729
3465,0.4148,0.1585,0.2563,1.2733,0.6510,0.9427,16187
3528,0.4426,0.1741,0.2685,1.0599,0.6930,0.9427,16097
3591,0.4334,0.1690,0.2644,1.0599,0.6930,0.9413,15886
3654,0.4323,0.1618,0.2706,1.0599,0.6930,0.9432,15993
3717,0.4100,0.1426,0.2674,1.0599,0.6930,0.9393,16382
3780,0.4279,0.1580,0.2699,1.0599,0.6930,0.9396,16415
3843,0.4097,0.1445,0.2652,1.0599,0.6930,0.9413,16514
3906,0.4180,0.1469,0.2711,1.0599,0.6930,0.9402,16601
3969,0.4019,0.1294,0.2724,1.0599,0.6930,0.9440,16739
4032,0.3863,0.1282,0.2581,0.8868,0.7230,0.9411,16735
4095,0.4230,0.1521,0.2708,0.8868,0.7230,0.9405,16701
4158,0.4147,0.1579,0.2568,0.8868,0.7230,0.9423,16434
4221,0.3851,0.1286,0.2565,0.8868,0.7230,0.9450,16780
4284,0.3787,0.1140,0.2647,0.8868,0.7230,0.9405,17015
4347,0.3678,0.1062,0.2617,0.8868,0.7230,0.9477,17258
4410,0.3661,0.0956,0.2705,0.8868,0.7230,0.9389,17542
4473,0.3741,0.1082,0.2659,0.8868,0.7230,0.9396,17390
4536,0.3804,0.1159,0.2645,1.1882,0.6910,0.9416,17238
4599,0.3778,0.1078,0.2701,1.1882,0.6910,0.9452,17340
4662,0.3617,0.1048,0.2569,1.1882,0.6910,0.9416,17505
4725,0.3735,0.1082,0.2653,1.1882,0.6910,0.9415,17499
4788,0.3594,0.0982,0.2612,1.1882,0.6910,0.9379,17601
4851,0.3751,0.1082,0.2670,1.1882,0.6910,0.9409,17686
4914,0.3705,0.1058,0.2647,1.1882,0.6910,0.9393,17852
4977,0.3572,0.0945,0.2627,1.1882,0.6910,0.9395,17657
5040,0.3589,0.0919,0.2669,0.8415,0.7270,0.9418,17948
5103,0.3585,0.0892,0.2693,0.8415,0.7270,0.9406,17813
5166,0.3575,0.1023,0.2552,0.8415,0.7270,0.9445,17703
5229,0.3311,0.0705,0.2607,0.8415,0.7270,0.9409,18263
5292,0.3420,0.0766,0.2654,0.8415,0.7270,0.9414,18365
5355,0.3441,0.0770,0.2671,0.8415,0.7270,0.9406,18454
5418,0.3526,0.0864,0.2661,0.8415,0.7270,0.9419,18345
5481,0.3597,0.0988,0.2610,0.8415,0.7270,0.9398,17941
5544,0.3583,0.0942,0.2642,0.9641,0.6920,0.9403,17981
5607,0.3392,0.0811,0.2581,0.9641,0.6920,0.9391,18291
5670,0.3457,0.0817,0.2641,0.9641,0.6920,0.9387,18509
5733,0.3684,0.0986,0.2698,0.9641,0.6920,0.9348,18109
5796,0.3466,0.0823,0.2642,0.9641,0.6920,0.9386,18119
5859,0.3409,0.0776,0.2633,0.9641,0.6920,0.9396,18434
5922,0.3547,0.0857,0.2690,0.9641,0.6920,0.9416,18389
5985,0.3497,0.0840,0.2656,0.9641,0.6920,0.9415,18350
6048,0.3526,0.0837,0.2689,0.8461,0.7220,0.9374,18466
6111,0.3427,0.0702,0.2725,0.8461,0.7220,0.9380,18608
6174,0.3527,0.0822,0.2705,0.8461,0.7220,0.9372,18698
6237,0.3286,0.0645,0.2641,0.8461,0.7220,0.9420,18832
6300,0.3432,0.0810,0.2622,0.8461,0.7220,0.9380,18710
6363,0.3350,0.0661,0.2689,0.8461,0.7220,0.9371,18785
6426,0.3371,0.0700,0.2671,0.8461,0.7220,0.9384,18919
6489,0.3336,0.0616,0.2721,0.8461,0.7220,0.9433,18840
6552,0.3261,0.0543,0.2718,0.8703,0.7330,0.9408,19097
6615,0.3192,0.0578,0.2614,0.8703,0.7330,0.9408,19101
6678,0.3469,0.0721,0.2749,0.8703,0.7330,0.9348,19105
6741,0.3732,0.0916,0.2816,0.8703,0.7330,0.9372,18698
6804,0.3354,0.0715,0.2639,0.8703,0.7330,0.9406,18826
6867,0.3312,0.0675,0.2637,0.8703,0.7330,0.9383,19193
6930,0.3536,0.0783,0.2753,0.8703,0.7330,0.9416,18860
6993,0.3321,0.0659,0.2662,0.8703,0.7330,0.9433,19131
7056,0.3433,0.0702,0.2731,0.9162,0.7390,0.9363,19322
7119,0.3648,0.0883,0.2766,0.9162,0.7390,0.9384,18965
7182,0.3523,0.0720,0.2803,0.9162,0.7390,0.9352,19109
7245,0.3482,0.0782,0.2700,0.9162,0.7390,0.9373,18915
7308,0.3571,0.0911,0.2659,0.9162,0.7390,0.9404,18773
7371,0.3513,0.0803,0.2710,0.9162,0.7390,0.9397,18830
7434,0.3367,0.0677,0.2690,0.9162,0.7390,0.9430,19076
7497,0.3513,0.0783,0.2730,0.9162,0.7390,0.9390,19205
7560,0.3434,0.0674,0.2760,0.7757,0.7730,0.9364,19204
7623,0.3362,0.0631,0.2731,0.7757,0.7730,0.9402,19342
7686,0.3531,0.0812,0.2719,0.7757,0.7730,0.9400,18940
7749,0.3536,0.0852,0.2684,0.7757,0.7730,0.9369,18864
7812,0.3608,0.0846,0.2762,0.7757,0.7730,0.9378,19157
7875,0.3455,0.0798,0.2656,0.7757,0.7730,0.9404,19089
7938,0.3307,0.0657,0.2650,0.7757,0.7730,0.9387,19144
8001,0.3334,0.0649,0.2685,0.7263,0.7870,0.9378,19387
8064,0.3234,0.0515,0.2719,0.7263,0.7870,0.9387,19446
8127,0.3287,0.0580,0.2707,0.7263,0.7870,0.9391,19475
8190,0.3510,0.0880,0.2629,0.7263,0.7870,0.9372,19194
8253,0.3373,0.0747,0.2626,0.7263,0.7870,0.9342,19267
8316,0.3327,0.0643,0.2684,0.7263,0.7870,0.9422,19217
8379,0.3302,0.0580,0.2722,0.7263,0.7870,0.9387,19540
8442,0.3422,0.0764,0.2658,0.7263,0.7870,0.9347,19294
8505,0.3428,0.0712,0.2716,0.7067,0.7960,0.9363,19409
8568,0.3279,0.0631,0.2648,0.7067,0.7960,0.9401,19573
8631,0.3226,0.0673,0.2554,0.7067,0.7960,0.9410,19524
8694,0.3423,0.0841,0.2583,0.7067,0.7960,0.9354,19142
8757,0.3484,0.0819,0.2664,0.7067,0.7960,0.9443,19227
8820,0.3312,0.0660,0.2652,0.7067,0.7960,0.9431,19462
8883,0.3164,0.0510,0.2655,0.7067,0.7960,0.9391,19753
8946,0.3056,0.0407,0.2649,0.7067,0.7960,0.9404,20016
9009,0.3224,0.0577,0.2647,0.6825,0.8060,0.9399,19742
9072,0.3212,0.0594,0.2618,0.6825,0.8060,0.9396,19848
9135,0.3257,0.0657,0.2600,0.6825,0.8060,0.9425,19710
9198,0.3230,0.0650,0.2579,0.6825,0.8060,0.9445,19504
9261,0.3156,0.0519,0.2638,0.6825,0.8060,0.9430,19718
9324,0.3063,0.0465,0.2598,0.6825,0.8060,0.9397,19901
9387,0.3061,0.0469,0.2592,0.6825,0.8060,0.9407,20075
9450,0.3393,0.0707,0.2686,0.6825,0.8060,0.9398,19605
9513,0.3188,0.0515,0.2674,0.6522,0.7900,0.9401,19856
9576,0.3098,0.0479,0.2619,0.6522,0.7900,0.9428,20025
9639,0.2955,0.0441,0.2514,0.6522,0.7900,0.9439,19959
9702,0.2992,0.0368,0.2624,0.6522,0.7900,0.9432,20188
9765,0.3222,0.0531,0.2691,0.6522,0.7900,0.9408,20278
9828,0.3062,0.0439,0.2622,0.6522,0.7900,0.9389,20005
9891,0.3122,0.0524,0.2598,0.6522,0.7900,0.9386,20175
9954,0.3403,0.0709,0.2694,0.6522,0.7900,0.9393,19702
10017,0.3219,0.0619,0.2599,0.7312,0.7790,0.9418,19760
10080,0.3083,0.0501,0.2582,0.7312,0.7790,0.9425,20093
10143,0.3165,0.0572,0.2593,0.7312,0.7790,0.9390,20077
10206,0.3318,0.0693,0.2625,0.7312,0.7790,0.9403,19657
10269,0.3306,0.0594,0.2712,0.7312,0.7790,0.9382,20058
10332,0.3346,0.0618,0.2728,0.7312,0.7790,0.9410,19853
10395,0.3123,0.0575,0.2548,0.7312,0.7790,0.9425,19935
10458,0.3135,0.0513,0.2622,0.7312,0.7790,0.9403,19829
10521,0.3120,0.0489,0.2631,0.8569,0.7690,0.9392,20187
10584,0.3342,0.0656,0.2686,0.8569,0.7690,0.9400,19966
10647,0.3481,0.0762,0.2719,0.8569,0.7690,0.9407,19758
10710,0.3407,0.0717,0.2690,0.8569,0.7690,0.9397,19658
10773,0.3175,0.0538,0.2637,0.8569,0.7690,0.9433,19871
10836,0.2932,0.0351,0.2581,0.8569,0.7690,0.9441,20248
10899,0.3174,0.0477,0.2697,0.8569,0.7690,0.9395,20290
10962,0.3203,0.0608,0.2595,0.8569,0.7690,0.9422,20014
11025,0.3166,0.0613,0.2553,0.8032,0.7970,0.9437,19948
11088,0.3050,0.0432,0.2617,0.8032,0.7970,0.9448,20308
11151,0.3059,0.0519,0.2540,0.8032,0.7970,0.9441,20222
11214,0.3158,0.0609,0.2549,0.8032,0.7970,0.9410,19973
11277,0.3076,0.0467,0.2608,0.8032,0.7970,0.9431,20282
11340,0.3072,0.0472,0.2600,0.8032,0.7970,0.9428,20365
11403,0.3018,0.0508,0.2509,0.8032,0.7970,0.9427,20176
11466,0.2992,0.0447,0.2544,0.8032,0.7970,0.9439,20271
11529,0.3022,0.0475,0.2547,0.9562,0.7750,0.9435,20236
11592,0.3055,0.0479,0.2575,0.9562,0.7750,0.9403,20355
11655,0.3024,0.0510,0.2514,0.9562,0.7750,0.9418,20340
11718,0.3478,0.0787,0.2692,0.9562,0.7750,0.9376,20049
11781,0.3598,0.0952,0.2646,0.9562,0.7750,0.9435,19413
11844,0.3102,0.0568,0.2534,0.9562,0.7750,0.9430,19744
11907,0.2879,0.0333,0.2546,0.9562,0.7750,0.9444,20224
11970,0.3065,0.0474,0.2591,0.9562,0.7750,0.9437,20359
12033,0.2806,0.0333,0.2474,0.7519,0.7980,0.9461,20331
12096,0.2937,0.0414,0.2523,0.7519,0.7980,0.9446,20378
12159,0.2942,0.0425,0.2517,0.7519,0.7980,0.9427,20338
12222,0.2953,0.0365,0.2588,0.7519,0.7980,0.9432,20652
12285,0.2962,0.0404,0.2558,0.7519,0.7980,0.9450,20483
12348,0.2941,0.0435,0.2505,0.7519,0.7980,0.9418,20676
12411,0.2941,0.0414,0.2527,0.7519,0.7980,0.9460,20583
12474,0.3217,0.0573,0.2644,0.7519,0.7980,0.9412,20243
12537,0.3364,0.0705,0.2659,0.8808,0.7390,0.9398,19933
12600,0.3126,0.0554,0.2572,0.8808,0.7390,0.9402,20142
12663,0.3251,0.0675,0.2576,0.8808,0.7390,0.9395,20173
12726,0.3313,0.0688,0.2625,0.8808,0.7390,0.9394,19802
12789,0.3356,0.0740,0.2616,0.8808,0.7390,0.9439,19931
12852,0.3341,0.0742,0.2599,0.8808,0.7390,0.9399,19953
12915,0.3476,0.0878,0.2599,0.8808,0.7390,0.9434,19352
12978,0.3182,0.0639,0.2543,0.8808,0.7390,0.9448,19880
13041,0.3091,0.0596,0.2496,0.8390,0.7800,0.9483,19983
13104,0.2984,0.0518,0.2466,0.8390,0.7800,0.9440,20131
13167,0.3181,0.0637,0.2543,0.8390,0.7800,0.9417,19860
13230,0.2842,0.0410,0.2432,0.8390,0.7800,0.9457,20283
13293,0.2797,0.0325,0.2471,0.8390,0.7800,0.9476,20485
13356,0.3090,0.0469,0.2621,0.8390,0.7800,0.9459,20494
13419,0.3069,0.0546,0.2523,0.8390,0.7800,0.9446,20401
13482,0.2910,0.0337,0.2573,0.8390,0.7800,0.9419,20655
13545,0.2999,0.0419,0.2580,0.8009,0.7790,0.9452,20760
13608,0.3192,0.0687,0.2505,0.8009,0.7790,0.9429,20333
13671,0.3020,0.0510,0.2509,0.8009,0.7790,0.9448,20038
13734,0.3040,0.0587,0.2452,0.8009,0.7790,0.9456,20269
13797,0.2914,0.0410,0.2503,0.8009,0.7790,0.9481,20511
13860,0.2934,0.0465,0.2470,0.8009,0.7790,0.9467,20531
13923,0.2948,0.0380,0.2568,0.8009,0.7790,0.9435,20560
13986,0.2810,0.0347,0.2463,0.8009,0.7790,0.9453,20801
14049,0.2676,0.0272,0.2404,0.6373,0.8210,0.9486,20777
14112,0.2801,0.0271,0.2529,0.6373,0.8210,0.9513,21166
14175,0.2864,0.0370,0.2495,0.6373,0.8210,0.9479,20878
14238,0.2961,0.0473,0.2488,0.6373,0.8210,0.9455,20595
14301,0.3038,0.0503,0.2535,0.6373,0.8210,0.9460,20411
14364,0.3339,0.0762,0.2576,0.6373,0.8210,0.9417,20013
14427,0.2945,0.0509,0.2436,0.6373,0.8210,0.9448,20104
14490,0.2985,0.0449,0.2536,0.6373,0.8210,0.9413,20527
14553,0.2974,0.0391,0.2583,0.7129,0.8150,0.9422,20630
14616,0.3163,0.0684,0.2479,0.7129,0.8150,0.9418,20196
14679,0.2938,0.0399,0.2539,0.7129,0.8150,0.9466,20400
14742,0.2666,0.0267,0.2398,0.7129,0.8150,0.9460,20888
14805,0.2783,0.0280,0.2503,0.7129,0.8150,0.9468,20958
14868,0.2729,0.0348,0.2381,0.7129,0.8150,0.9437,20837
14931,0.2910,0.0467,0.2444,0.7129,0.8150,0.9459,20937
14994,0.3033,0.0495,0.2538,0.7129,0.8150,0.9479,20526
15057,0.2810,0.0379,0.2432,0.8675,0.7840,0.9475,20628
15120,0.2974,0.0512,0.2462,0.8675,0.7840,0.9433,20531
15183,0.3063,0.0614,0.2449,0.8675,0.7840,0.9451,20395
15246,0.3084,0.0636,0.2449,0.8675,0.7840,0.9461,20118
15309,0.2893,0.0447,0.2446,0.8675,0.7840,0.9490,20376
15372,0.2887,0.0387,0.2500,0.8675,0.7840,0.9486,20688
15435,0.3159,0.0651,0.2508,0.8675,0.7840,0.9433,20296
15498,0.2955,0.0506,0.2450,0.8675,0.7840,0.9491,20254
15561,0.2950,0.0471,0.2479,0.7638,0.7950,0.9488,20588
15624,0.2736,0.0349,0.2387,0.7638,0.7950,0.9521,20553
15687,0.2668,0.0287,0.2381,0.7638,0.7950,0.9507,20937
15750,0.2885,0.0456,0.2428,0.7638,0.7950,0.9481,20718
15813,0.2875,0.0438,0.2437,0.7638,0.7950,0.9466,20677
15876,0.2902,0.0465,0.2438,0.7638,0.7950,0.9478,20580
15939,0.2868,0.0377,0.2491,0.7638,0.7950,0.9452,20678
16002,0.2906,0.0459,0.2447,0.8343,0.7790,0.9464,20584
16065,0.2893,0.0396,0.2497,0.8343,0.7790,0.9439,20823
16128,0.2996,0.0500,0.2496,0.8343,0.7790,0.9462,20325
16191,0.2867,0.0419,0.2447,0.8343,0.7790,0.9493,20768
16254,0.2985,0.0530,0.2455,0.8343,0.7790,0.9438,20776
16317,0.2801,0.0346,0.2455,0.8343,0.7790,0.9467,20743
16380,0.2922,0.0481,0.2441,0.8343,0.7790,0.9478,20605
16443,0.2767,0.0395,0.2372,0.8343,0.7790,0.9491,20629
16506,0.2847,0.0372,0.2474,0.6703,0.8430,0.9476,20792
16569,0.2886,0.0402,0.2483,0.6703,0.8430,0.9456,20688
16632,0.2922,0.0495,0.2428,0.6703,0.8430,0.9465,20687
16695,0.3009,0.0531,0.2478,0.6703,0.8430,0.9462,20489
16758,0.2903,0.0461,0.2442,0.6703,0.8430,0.9448,20723
16821,0.2986,0.0579,0.2408,0.6703,0.8430,0.9479,20379
16884,0.2896,0.0431,0.2465,0.6703,0.8430,0.9493,20825
16947,0.2973,0.0515,0.2459,0.6703,0.8430,0.9489,20607
17010,0.2727,0.0348,0.2379,0.6025,0.8290,0.9457,20631
17073,0.2740,0.0373,0.2367,0.6025,0.8290,0.9471,20832
17136,0.2801,0.0416,0.2384,0.6025,0.8290,0.9483,20872
17199,0.2873,0.0428,0.2445,0.6025,0.8290,0.9480,20745
17262,0.2709,0.0319,0.2389,0.6025,0.8290,0.9444,20678
17325,0.2617,0.0249,0.2368,0.6025,0.8290,0.9468,21096
17388,0.2673,0.0352,0.2321,0.6025,0.8290,0.9459,21237
17451,0.2774,0.0383,0.2391,0.6025,0.8290,0.9491,21176
17514,0.2900,0.0441,0.2459,0.6534,0.8010,0.9482,20786
17577,0.2961,0.0497,0.2464,0.6534,0.8010,0.9469,20776
17640,0.2945,0.0534,0.2411,0.6534,0.8010,0.9470,20744
17703,0.2996,0.0592,0.2404,0.6534,0.8010,0.9472,20443
17766,0.3207,0.0749,0.2458,0.6534,0.8010,0.9473,20036
17829,0.2900,0.0494,0.2407,0.6534,0.8010,0.9468,20506
17892,0.2909,0.0511,0.2398,0.6534,0.8010,0.9472,20468
17955,0.2815,0.0417,0.2398,0.6534,0.8010,0.9487,20440
18018,0.2559,0.0250,0.2309,0.6290,0.8320,0.9537,21262
18081,0.2614,0.0253,0.2362,0.6290,0.8320,0.9516,21241
18144,0.2568,0.0267,0.2301,0.6290,0.8320,0.9479,21308
18207,0.2613,0.0237,0.2377,0.6290,0.8320,0.9517,21274
18270,0.2742,0.0411,0.2331,0.6290,0.8320,0.9485,20931
18333,0.2977,0.0547,0.2430,0.6290,0.8320,0.9455,20729
18396,0.2779,0.0375,0.2404,0.6290,0.8320,0.9490,20861
18459,0.2632,0.0300,0.2332,0.6290,0.8320,0.9489,21089
18522,0.2549,0.0228,0.2321,0.6725,0.8330,0.9480,21344
18585,0.2705,0.0297,0.2407,0.6725,0.8330,0.9509,21236
18648,0.3038,0.0619,0.2420,0.6725,0.8330,0.9453,20606
18711,0.2959,0.0558,0.2400,0.6725,0.8330,0.9482,20585
18774,0.2798,0.0350,0.2448,0.6725,0.8330,0.9502,20981
18837,0.2788,0.0413,0.2375,0.6725,0.8330,0.9478,20873
18900,0.2979,0.0486,0.2493,0.6725,0.8330,0.9447,20854
18963,0.2995,0.0536,0.2459,0.6725,0.8330,0.9474,20692
19026,0.2813,0.0394,0.2419,0.7829,0.7940,0.9486,20939
19089,0.2519,0.0260,0.2260,0.7829,0.7940,0.9509,21306
19152,0.2524,0.0185,0.2339,0.7829,0.7940,0.9495,21366
19215,0.2436,0.0180,0.2256,0.7829,0.7940,0.9526,21629
19278,0.2583,0.0293,0.2289,0.7829,0.7940,0.9531,21364
19341,0.2679,0.0386,0.2294,0.7829,0.7940,0.9491,21064
19404,0.3009,0.0522,0.2487,0.7829,0.7940,0.9448,20639
19467,0.3061,0.0649,0.2412,0.7829,0.7940,0.9466,20544
19530,0.3039,0.0614,0.2425,0.9288,0.7800,0.9479,20576
19593,0.2723,0.0432,0.2290,0.9288,0.7800,0.9495,20711
19656,0.2723,0.0360,0.2363,0.9288,0.7800,0.9513,21207
19719,0.2814,0.0419,0.2395,0.9288,0.7800,0.9485,20980
19782,0.2692,0.0335,0.2357,0.9288,0.7800,0.9516,21080
19845,0.2764,0.0407,0.2357,0.9288,0.7800,0.9498,20926
19908,0.2940,0.0525,0.2415,0.9288,0.7800,0.9517,20586
19971,0.2751,0.0395,0.2356,0.9288,0.7800,0.9543,20906
20034,0.2659,0.0359,0.2301,0.7135,0.8230,0.9539,21047
20097,0.2719,0.0346,0.2372,0.7135,0.8230,0.9524,21103
20160,0.2723,0.0438,0.2285,0.7135,0.8230,0.9504,20988
20223,0.2655,0.0378,0.2277,0.7135,0.8230,0.9523,20962
20286,0.2785,0.0343,0.2442,0.7135,0.8230,0.9527,21103
20349,0.2641,0.0340,0.2301,0.7135,0.8230,0.9516,21191
20412,0.2914,0.0463,0.2451,0.7135,0.8230,0.9492,21011
20475,0.2628,0.0327,0.2301,0.7135,0.8230,0.9500,21040
20538,0.2662,0.0323,0.2339,0.6144,0.8250,0.9499,21234
20601,0.2836,0.0449,0.2387,0.6144,0.8250,0.9510,20833
20664,0.2749,0.0450,0.2299,0.6144,0.8250,0.9494,20876
20727,0.2649,0.0283,0.2366,0.6144,0.8250,0.9518,21088
20790,0.2486,0.0215,0.2271,0.6144,0.8250,0.9523,21525
20853,0.2606,0.0335,0.2271,0.6144,0.8250,0.9540,21306
20916,0.2808,0.0443,0.2365,0.6144,0.8250,0.9486,20920
20979,0.2759,0.0455,0.2304,0.6144,0.8250,0.9534,20971
21042,0.2817,0.0455,0.2362,0.7534,0.8050,0.9503,20845
21105,0.2591,0.0311,0.2279,0.7534,0.8050,0.9544,21119
21168,0.2535,0.0247,0.2288,0.7534,0.8050,0.9529,21448
21231,0.2808,0.0396,0.2412,0.7534,0.8050,0.9478,21366
21294,0.2551,0.0232,0.2319,0.7534,0.8050,0.9511,21451
21357,0.2472,0.0163,0.2310,0.7534,0.8050,0.9530,21685
21420,0.2361,0.0161,0.2200,0.7534,0.8050,0.9547,21736
21483,0.2566,0.0231,0.2334,0.7534,0.8050,0.9533,21607
21546,0.2713,0.0442,0.2271,0.7100,0.8150,0.9516,21362
21609,0.2624,0.0266,0.2358,0.7100,0.8150,0.9513,21418
21672,0.2654,0.0395,0.2259,0.7100,0.8150,0.9506,21212
21735,0.2747,0.0430,0.2317,0.7100,0.8150,0.9535,21145
21798,0.2836,0.0485,0.2351,0.7100,0.8150,0.9512,20922
21861,0.2538,0.0291,0.2247,0.7100,0.8150,0.9490,21376
21924,0.2738,0.0415,0.2323,0.7100,0.8150,0.9516,21136
21987,0.2631,0.0328,0.2304,0.7100,0.8150,0.9497,21080
22050,0.2724,0.0403,0.2321,0.5696,0.8290,0.9506,21165
22113,0.2731,0.0418,0.2313,0.5696,0.8290,0.9505,21112
22176,0.3018,0.0693,0.2325,0.5696,0.8290,0.9504,20630
22239,0.3308,0.0946,0.2362,0.5696,0.8290,0.9457,19940
22302,0.2763,0.0504,0.2258,0.5696,0.8290,0.9547,20675
22365,0.2567,0.0325,0.2242,0.5696,0.8290,0.9554,21166
22428,0.2542,0.0236,0.2306,0.5696,0.8290,0.9537,21407
22491,0.2394,0.0145,0.2248,0.5696,0.8290,0.9558,21641
22554,0.2395,0.0187,0.2208,0.5069,0.8340,0.9531,21801
22617,0.2696,0.0475,0.2220,0.5069,0.8340,0.9529,20903
22680,0.2741,0.0361,0.2380,0.5069,0.8340,0.9496,21325
22743,0.2491,0.0318,0.2173,0.5069,0.8340,0.9532,21104
22806,0.2508,0.0258,0.2250,0.5069,0.8340,0.9520,21452
22869,0.2671,0.0323,0.2348,0.5069,0.8340,0.9524,21524
22932,0.2565,0.0300,0.2264,0.5069,0.8340,0.9508,21317
22995,0.2599,0.0369,0.2230,0.5069,0.8340,0.9506,21247
23058,0.2687,0.0341,0.2346,0.5790,0.8350,0.9507,21261
23121,0.2800,0.0484,0.2316,0.5790,0.8350,0.9499,20932
23184,0.2972,0.0600,0.2372,0.5790,0.8350,0.9511,20635
23247,0.2585,0.0369,0.2216,0.5790,0.8350,0.9542,21098
23310,0.2652,0.0322,0.2330,0.5790,0.8350,0.9546,21352
23373,0.2606,0.0347,0.2259,0.5790,0.8350,0.9531,21255
23436,0.2625,0.0368,0.2257,0.5790,0.8350,0.9525,21250
23499,0.2443,0.0245,0.2198,0.5790,0.8350,0.9571,21529
23562,0.2422,0.0233,0.2189,0.6215,0.8440,0.9558,21460
23625,0.2496,0.0264,0.2231,0.6215,0.8440,0.9539,21485
23688,0.2356,0.0174,0.2182,0.6215,0.8440,0.9541,21836
23751,0.2656,0.0382,0.2274,0.6215,0.8440,0.9536,21458
23814,0.2568,0.0294,0.2274,0.6215,0.8440,0.9546,21188
23877,0.2663,0.0389,0.2274,0.6215,0.8440,0.9535,21419
23940,0.2505,0.0236,0.2269,0.6215,0.8440,0.9517,21662
24003,0.2505,0.0239,0.2267,0.4688,0.8480,0.9533,21577
24066,0.2404,0.0157,0.2248,0.4688,0.8480,0.9541,21867
24129,0.2556,0.0310,0.2246,0.4688,0.8480,0.9548,21540
24192,0.2901,0.0612,0.2289,0.4688,0.8480,0.9527,20854
24255,0.2817,0.0529,0.2288,0.4688,0.8480,0.9501,20807
24318,0.2838,0.0481,0.2357,0.4688,0.8480,0.9492,20893
24381,0.2577,0.0320,0.2257,0.4688,0.8480,0.9543,21270
24444,0.2391,0.0193,0.2198,0.4688,0.8480,0.9545,21633
24507,0.2511,0.0280,0.2232,0.5807,0.8440,0.9554,21538
24570,0.2657,0.0392,0.2265,0.5807,0.8440,0.9545,21229
24633,0.2499,0.0273,0.2225,0.5807,0.8440,0.9534,21484
24696,0.2390,0.0200,0.2190,0.5807,0.8440,0.9567,21732
24759,0.2405,0.0213,0.2192,0.5807,0.8440,0.9535,21867
24822,0.2477,0.0290,0.2186,0.5807,0.8440,0.9512,21646
24885,0.2361,0.0234,0.2127,0.5807,0.8440,0.9529,21792
24948,0.2431,0.0198,0.2233,0.5807,0.8440,0.9541,22004
25011,0.2603,0.0367,0.2237,0.6832,0.7920,0.9497,21550
25074,0.2559,0.0297,0.2262,0.6832,0.7920,0.9543,21380
25137,0.2428,0.0186,0.2242,0.6832,0.7920,0.9571,21898
25200,0.2520,0.0310,0.2210,0.6832,0.7920,0.9523,21632
25263,0.2732,0.0485,0.2246,0.6832,0.7920,0.9509,21168
25326,0.2662,0.0338,0.2324,0.6832,0.7920,0.9523,21432
25389,0.2513,0.0277,0.2236,0.6832,0.7920,0.9547,21679
25452,0.2421,0.0195,0.2226,0.6832,0.7920,0.9525,21859
25515,0.2510,0.0246,0.2263,0.6102,0.8190,0.9524,21941
25578,0.2512,0.0295,0.2217,0.6102,0.8190,0.9552,21624
25641,0.3053,0.0683,0.2370,0.6102,0.8190,0.9514,21032
25704,0.2929,0.0576,0.2353,0.6102,0.8190,0.9490,20972
25767,0.2748,0.0427,0.2322,0.6102,0.8190,0.9504,20951
25830,0.2555,0.0303,0.2252,0.6102,0.8190,0.9535,21459
25893,0.2381,0.0153,0.2228,0.6102,0.8190,0.9543,21920
25956,0.2336,0.0208,0.2128,0.6102,0.8190,0.9525,21678
26019,0.2503,0.0317,0.2186,0.5502,0.8450,0.9547,21479
26082,0.2526,0.0340,0.2186,0.5502,0.8450,0.9526,21547
26145,0.2552,0.0286,0.2267,0.5502,0.8450,0.9550,21610
26208,0.2396,0.0247,0.2148,0.5502,0.8450,0.9560,21898
26271,0.2417,0.0263,0.2155,0.5502,0.8450,0.9543,21700
26334,0.2465,0.0271,0.2194,0.5502,0.8450,0.9505,21607
26397,0.2429,0.0220,0.2209,0.5502,0.8450,0.9516,21713
26460,0.2379,0.0249,0.2130,0.5502,0.8450,0.9531,21869
26523,0.2739,0.0431,0.2308,0.7133,0.8100,0.9525,21431
26586,0.2665,0.0436,0.2229,0.7133,0.8100,0.9529,21188
26649,0.2537,0.0298,0.2240,0.7133,0.8100,0.9513,21424
26712,0.2638,0.0434,0.2203,0.7133,0.8100,0.9518,21043
26775,0.2528,0.0320,0.2208,0.7133,0.8100,0.9536,21583
26838,0.2552,0.0303,0.2249,0.7133,0.8100,0.9544,21433
26901,0.2385,0.0276,0.2110,0.7133,0.8100,0.9548,21739
26964,0.2329,0.0220,0.2109,0.7133,0.8100,0.9583,21857
27027,0.2376,0.0252,0.2123,0.6734,0.8330,0.9551,21754
27090,0.2449,0.0279,0.2171,0.6734,0.8330,0.9527,21565
27153,0.2378,0.0221,0.2157,0.6734,0.8330,0.9529,21836
27216,0.2386,0.0232,0.2154,0.6734,0.8330,0.9494,21802
27279,0.2426,0.0230,0.2197,0.6734,0.8330,0.9522,21708
27342,0.2518,0.0297,0.2221,0.6734,0.8330,0.9544,21754
27405,0.2529,0.0345,0.2184,0.6734,0.8330,0.9527,21480
27468,0.2390,0.0226,0.2165,0.6734,0.8330,0.9564,22056
27531,0.2269,0.0198,0.2072,0.5775,0.8520,0.9563,21934
27594,0.2516,0.0272,0.2244,0.5775,0.8520,0.9506,21823
27657,0.3075,0.0764,0.2311,0.5775,0.8520,0.9494,20862
27720,0.2795,0.0477,0.2318,0.5775,0.8520,0.9539,21107
27783,0.2861,0.0623,0.2238,0.5775,0.8520,0.9515,21005
27846,0.2852,0.0557,0.2295,0.5775,0.8520,0.9556,20958
27909,0.2680,0.0501,0.2179,0.5775,0.8520,0.9543,20882
27972,0.2501,0.0254,0.2247,0.5775,0.8520,0.9556,21543
28035,0.2396,0.0220,0.2176,0.5764,0.8480,0.9519,21872
28098,0.2446,0.0263,0.2183,0.5764,0.8480,0.9552,21750
28161,0.2447,0.0258,0.2189,0.5764,0.8480,0.9553,21715
28224,0.2348,0.0218,0.2130,0.5764,0.8480,0.9568,21848
28287,0.2501,0.0302,0.2199,0.5764,0.8480,0.9549,21621
28350,0.2822,0.0571,0.2250,0.5764,0.8480,0.9520,21008
28413,0.2541,0.0340,0.2202,0.5764,0.8480,0.9533,21329
28476,0.2494,0.0311,0.2183,0.5764,0.8480,0.9536,21597
28539,0.2485,0.0285,0.2200,0.5534,0.8570,0.9557,21693
28602,0.2314,0.0209,0.2104,0.5534,0.8570,0.9568,21783
28665,0.2203,0.0151,0.2052,0.5534,0.8570,0.9577,22041
28728,0.2212,0.0136,0.2076,0.5534,0.8570,0.9594,22096
28791,0.2134,0.0138,0.1997,0.5534,0.8570,0.9577,22491
28854,0.2227,0.0143,0.2084,0.5534,0.8570,0.9585,22244
28917,0.2557,0.0304,0.2253,0.5534,0.8570,0.9515,21754
28980,0.2552,0.0356,0.2196,0.5534,0.8570,0.9568,21404
29043,0.2511,0.0396,0.2115,0.5957,0.8430,0.9557,21604
29106,0.2370,0.0234,0.2136,0.5957,0.8430,0.9556,21905
29169,0.2267,0.0205,0.2062,0.5957,0.8430,0.9563,21914
29232,0.2349,0.0204,0.2145,0.5957,0.8430,0.9561,21966
29295,0.2554,0.0340,0.2214,0.5957,0.8430,0.9557,21793
29358,0.2394,0.0287,0.2106,0.5957,0.8430,0.9558,21560
29421,0.2350,0.0228,0.2122,0.5957,0.8430,0.9557,21931
29484,0.2398,0.0320,0.2078,0.5957,0.8430,0.9553,21648
29547,0.2233,0.0176,0.2058,0.4393,0.8710,0.9566,22007
29610,0.2244,0.0142,0.2102,0.4393,0.8710,0.9574,22209
29673,0.2216,0.0131,0.2086,0.4393,0.8710,0.9551,22345
29736,0.2163,0.0151,0.2012,0.4393,0.8710,0.9569,22414
29799,0.2382,0.0252,0.2129,0.4393,0.8710,0.9531,21971
29862,0.2444,0.0284,0.2160,0.4393,0.8710,0.9581,21888
29925,0.2313,0.0162,0.2151,0.4393,0.8710,0.9562,22079
29988,0.2242,0.0156,0.2085,0.4393,0.8710,0.9522,22279
30051,0.2306,0.0209,0.2097,0.6279,0.8310,0.9555,22179
30114,0.2531,0.0364,0.2167,0.6279,0.8310,0.9540,21603
30177,0.2895,0.0638,0.2257,0.6279,0.8310,0.9539,21210
30240,0.2945,0.0660,0.2285,0.6279,0.8310,0.9562,20968
30303,0.2556,0.0427,0.2129,0.6279,0.8310,0.9541,21046
30366,0.2580,0.0400,0.2180,0.6279,0.8310,0.9543,21556
30429,0.2620,0.0419,0.2201,0.6279,0.8310,0.9568,21087
30492,0.2482,0.0295,0.2186,0.6279,0.8310,0.9566,21450
30555,0.2425,0.0288,0.2137,0.7168,0.8200,0.9543,21640
30618,0.2273,0.0180,0.2092,0.7168,0.8200,0.9551,21839
30681,0.2185,0.0167,0.2017,0.7168,0.8200,0.9572,22073
30744,0.2212,0.0136,0.2076,0.7168,0.8200,0.9579,22292
30807,0.2177,0.0137,0.2040,0.7168,0.8200,0.9574,22369
30870,0.2299,0.0170,0.2129,0.7168,0.8200,0.9558,22106
30933,0.2234,0.0166,0.2068,0.7168,0.8200,0.9558,22249
30996,0.2287,0.0221,0.2066,0.7168,0.8200,0.9533,21972
31059,0.2404,0.0232,0.2172,0.4839,0.8440,0.9525,21916
31122,0.2260,0.0196,0.2064,0.4839,0.8440,0.9556,22051
31185,0.2283,0.0189,0.2094,0.4839,0.8440,0.9544,22195
31248,0.2553,0.0392,0.2161,0.4839,0.8440,0.9555,21596
31311,0.2493,0.0356,0.2137,0.4839,0.8440,0.9564,21586
31374,0.2419,0.0353,0.2066,0.4839,0.8440,0.9565,21741
31437,0.2507,0.0387,0.2120,0.4839,0.8440,0.9542,21670
31500,0.2652,0.0450,0.2202,0.6285,0.8270,0.9559,21450
31563,0.2542,0.0363,0.2180,0.6285,0.8270,0.9548,21560
31626,0.2655,0.0431,0.2224,0.6285,0.8270,0.9550,21490
31689,0.2353,0.0283,0.2070,0.6285,0.8270,0.9581,21619
31752,0.2269,0.0174,0.2096,0.6285,0.8270,0.9577,21943
31815,0.2327,0.0260,0.2067,0.6285,0.8270,0.9586,21972
31878,0.2368,0.0258,0.2111,0.6285,0.8270,0.9569,22091
31941,0.2182,0.0150,0.2033,0.6285,0.8270,0.9573,22168
32004,0.2380,0.0280,0.2100,0.5305,0.8530,0.9548,22108
32067,0.2419,0.0308,0.2111,0.5305,0.8530,0.9570,21808
32130,0.2543,0.0389,0.2153,0.5305,0.8530,0.9571,21428
32193,0.2333,0.0225,0.2108,0.5305,0.8530,0.9573,22108
32256,0.2715,0.0512,0.2202,0.5305,0.8530,0.9529,21323
32319,0.2470,0.0328,0.2142,0.5305,0.8530,0.9562,21728
32382,0.2259,0.0179,0.2080,0.5305,0.8530,0.9558,22001
32445,0.2401,0.0216,0.2184,0.5305,0.8530,0.9557,22200
32508,0.2312,0.0231,0.2081,0.5992,0.8330,0.9574,22064
32571,0.2660,0.0454,0.2206,0.5992,0.8330,0.9513,21484
32634,0.2597,0.0463,0.2134,0.5992,0.8330,0.9541,21268
32697,0.2690,0.0549,0.2142,0.5992,0.8330,0.9572,21217
32760,0.2342,0.0262,0.2080,0.5992,0.8330,0.9563,21741
32823,0.2221,0.0121,0.2100,0.5992,0.8330,0.9599,22161
32886,0.2198,0.0151,0.2047,0.5992,0.8330,0.9577,22435
32949,0.2231,0.0141,0.2090,0.5992,0.8330,0.9553,22312
33012,0.2156,0.0180,0.1976,0.6565,0.8360,0.9609,22227
33075,0.2191,0.0121,0.2070,0.6565,0.8360,0.9594,22335
33138,0.2052,0.0101,0.1951,0.6565,0.8360,0.9582,22627
33201,0.2150,0.0142,0.2008,0.6565,0.8360,0.9552,22412
33264,0.2126,0.0134,0.1993,0.6565,0.8360,0.9563,22282
33327,0.2149,0.0135,0.2013,0.6565,0.8360,0.9581,22239
33390,0.2156,0.0203,0.1953,0.6565,0.8360,0.9595,22077
33453,0.2201,0.0137,0.2064,0.6565,0.8360,0.9579,22444
33516,0.2194,0.0169,0.2026,0.4647,0.8600,0.9548,22412
33579,0.2428,0.0343,0.2085,0.4647,0.8600,0.9580,21922
33642,0.2413,0.0331,0.2082,0.4647,0.8600,0.9592,21927
33705,0.2292,0.0263,0.2028,0.4647,0.8600,0.9574,22098
33768,0.2451,0.0386,0.2066,0.4647,0.8600,0.9548,21655
33831,0.2464,0.0339,0.2125,0.4647,0.8600,0.9572,21791
33894,0.2526,0.0344,0.2182,0.4647,0.8600,0.9560,21651
33957,0.2405,0.0319,0.2087,0.4647,0.8600,0.9551,21413
34020,0.2223,0.0171,0.2052,0.5929,0.8560,0.9576,22050
34083,0.2300,0.0233,0.2067,0.5929,0.8560,0.9568,22201
34146,0.2267,0.0239,0.2028,0.5929,0.8560,0.9587,22056
34209,0.2373,0.0238,0.2135,0.5929,0.8560,0.9582,22046
34272,0.2338,0.0274,0.2064,0.5929,0.8560,0.9557,21970
34335,0.2251,0.0202,0.2049,0.5929,0.8560,0.9552,21907
34398,0.2219,0.0155,0.2064,0.5929,0.8560,0.9564,22363
34461,0.2231,0.0198,0.2033,0.5929,0.8560,0.9592,22370
34524,0.2276,0.0230,0.2046,0.6967,0.8250,0.9585,22085
34587,0.2592,0.0460,0.2131,0.6967,0.8250,0.9553,21800
34650,0.2707,0.0503,0.2204,0.6967,0.8250,0.9547,21416
34713,0.2332,0.0252,0.2080,0.6967,0.8250,0.9546,21793
34776,0.2389,0.0292,0.2096,0.6967,0.8250,0.9587,21827
34839,0.2404,0.0267,0.2137,0.6967,0.8250,0.9568,21898
34902,0.2179,0.0163,0.2016,0.6967,0.8250,0.9593,22160
34965,0.2191,0.0200,0.1991,0.6967,0.8250,0.9600,22227
35028,0.2149,0.0160,0.1988,0.4905,0.8560,0.9581,22341
35091,0.2274,0.0211,0.2063,0.4905,0.8560,0.9553,22157
35154,0.2407,0.0348,0.2059,0.4905,0.8560,0.9565,21953
35217,0.2547,0.0433,0.2115,0.4905,0.8560,0.9566,21525
35280,0.2490,0.0356,0.2134,0.4905,0.8560,0.9550,21672
35343,0.2492,0.0347,0.2145,0.4905,0.8560,0.9579,21685
35406,0.2285,0.0242,0.2044,0.4905,0.8560,0.9558,22206
35469,0.2312,0.0277,0.2035,0.4905,0.8560,0.9564,21826
35532,0.2158,0.0138,0.2021,0.5063,0.8690,0.9591,22208
35595,0.2135,0.0150,0.1986,0.5063,0.8690,0.9602,22447
35658,0.2185,0.0188,0.1997,0.5063,0.8690,0.9578,22245
35721,0.2273,0.0211,0.2062,0.5063,0.8690,0.9571,22192
35784,0.2330,0.0301,0.2029,0.5063,0.8690,0.9569,21978
35847,0.2374,0.0282,0.2092,0.5063,0.8690,0.9588,21856
35910,0.2195,0.0207,0.1987,0.5063,0.8690,0.9615,22345
35973,0.2225,0.0236,0.1989,0.5063,0.8690,0.9570,21976
36036,0.2272,0.0219,0.2053,0.6659,0.8130,0.9581,22103
36099,0.2251,0.0208,0.2043,0.6659,0.8130,0.9587,22326
36162,0.2291,0.0203,0.2088,0.6659,0.8130,0.9573,22304
36225,0.2223,0.0141,0.2082,0.6659,0.8130,0.9576,22491
36288,0.2104,0.0155,0.1948,0.6659,0.8130,0.9564,22504
36351,0.2375,0.0371,0.2004,0.6659,0.8130,0.9580,21711
36414,0.2246,0.0204,0.2043,0.6659,0.8130,0.9582,22299
36477,0.2265,0.0237,0.2028,0.6659,0.8130,0.9578,22020
36540,0.2335,0.0235,0.2100,0.5792,0.8540,0.9561,22051
36603,0.2282,0.0229,0.2053,0.5792,0.8540,0.9562,22255
36666,0.2136,0.0141,0.1995,0.5792,0.8540,0.9581,22504
36729,0.2144,0.0115,0.2029,0.5792,0.8540,0.9586,22727
36792,0.2186,0.0133,0.2053,0.5792,0.8540,0.9570,22744
36855,0.2086,0.0163,0.1923,0.5792,0.8540,0.9596,22521
36918,0.2220,0.0164,0.2055,0.5792,0.8540,0.9575,22484
36981,0.2232,0.0158,0.2074,0.5792,0.8540,0.9588,22427
37044,0.2124,0.0112,0.2012,0.4799,0.8680,0.9596,22798
37107,0.2111,0.0102,0.2009,0.4799,0.8680,0.9604,22854
37170,0.2156,0.0198,0.1959,0.4799,0.8680,0.9569,22507
37233,0.2407,0.0305,0.2102,0.4799,0.8680,0.9543,21955
37296,0.2473,0.0423,0.2050,0.4799,0.8680,0.9561,21700
37359,0.2358,0.0230,0.2128,0.4799,0.8680,0.9554,22163
37422,0.2128,0.0146,0.1982,0.4799,0.8680,0.9583,22462
37485,0.2283,0.0244,0.2039,0.4799,0.8680,0.9580,22544
37548,0.2381,0.0283,0.2098,0.4685,0.8470,0.9582,22126
37611,0.2179,0.0193,0.1987,0.4685,0.8470,0.9601,22378
37674,0.2111,0.0144,0.1967,0.4685,0.8470,0.9606,22476
37737,0.2273,0.0218,0.2055,0.4685,0.8470,0.9562,22258
37800,0.2282,0.0229,0.2053,0.4685,0.8470,0.9552,22121
37863,0.2172,0.0156,0.2016,0.4685,0.8470,0.9586,22245
37926,0.2120,0.0161,0.1959,0.4685,0.8470,0.9610,22454
37989,0.2163,0.0146,0.2017,0.4685,0.8470,0.9579,22486
38052,0.2166,0.0150,0.2016,0.4175,0.8720,0.9574,22513
38115,0.2160,0.0150,0.2011,0.4175,0.8720,0.9567,22553
38178,0.2394,0.0378,0.2016,0.4175,0.8720,0.9539,21961
38241,0.2536,0.0404,0.2131,0.4175,0.8720,0.9533,21841
38304,0.2468,0.0363,0.2106,0.4175,0.8720,0.9585,21894
38367,0.2578,0.0472,0.2106,0.4175,0.8720,0.9575,21719
38430,0.2433,0.0356,0.2078,0.4175,0.8720,0.9603,21716
38493,0.2324,0.0321,0.2003,0.4175,0.8720,0.9575,22047
38556,0.2430,0.0411,0.2019,0.5793,0.8500,0.9581,21736
38619,0.2351,0.0282,0.2068,0.5793,0.8500,0.9594,21942
38682,0.2164,0.0165,0.2000,0.5793,0.8500,0.9599,22222
38745,0.2104,0.0112,0.1993,0.5793,0.8500,0.9563,22701
38808,0.2010,0.0070,0.1940,0.5793,0.8500,0.9602,22986
38871,0.1938,0.0074,0.1864,0.5793,0.8500,0.9606,23067
38934,0.2133,0.0160,0.1973,0.5793,0.8500,0.9563,22679
38997,0.2228,0.0242,0.1986,0.5793,0.8500,0.9574,22385
39060,0.2218,0.0206,0.2012,0.4750,0.8630,0.9587,22320
39123,0.1953,0.0087,0.1866,0.4750,0.8630,0.9592,22804
39186,0.2186,0.0163,0.2023,0.4750,0.8630,0.9594,22604
39249,0.2072,0.0153,0.1919,0.4750,0.8630,0.9573,22764
39312,0.2202,0.0217,0.1985,0.4750,0.8630,0.9561,22379
39375,0.2117,0.0175,0.1942,0.4750,0.8630,0.9586,22556
39438,0.2454,0.0361,0.2094,0.4750,0.8630,0.9563,22008
39501,0.2305,0.0258,0.2047,0.4443,0.8640,0.9586,21966
39564,0.2136,0.0168,0.1968,0.4443,0.8640,0.9572,22459
39627,0.2130,0.0166,0.1964,0.4443,0.8640,0.9602,22435
39690,0.2088,0.0158,0.1930,0.4443,0.8640,0.9597,22267
39753,0.2020,0.0101,0.1918,0.4443,0.8640,0.9602,22766
39816,0.2094,0.0154,0.1940,0.4443,0.8640,0.9585,22641
39879,0.2141,0.0125,0.2016,0.4443,0.8640,0.9586,22630
39942,0.2084,0.0129,0.1955,0.4443,0.8640,0.9609,22870
40005,0.2044,0.0091,0.1953,0.4212,0.8670,0.9570,22883
40068,0.2049,0.0141,0.1908,0.4212,0.8670,0.9595,22706
40131,0.1974,0.0111,0.1862,0.4212,0.8670,0.9608,22826
40194,0.2151,0.0152,0.1999,0.4212,0.8670,0.9573,22676
40257,0.2128,0.0121,0.2007,0.4212,0.8670,0.9571,22838
40320,0.2118,0.0148,0.1970,0.4212,0.8670,0.9581,22745
40383,0.2031,0.0092,0.1939,0.4212,0.8670,0.9582,22938
40446,0.2067,0.0144,0.1922,0.4212,0.8670,0.9558,22821
40509,0.2299,0.0295,0.2004,0.5001,0.8560,0.9587,22315
40572,0.2197,0.0234,0.1963,0.5001,0.8560,0.9612,22369
40635,0.2148,0.0226,0.1922,0.5001,0.8560,0.9602,22257
40698,0.2138,0.0222,0.1916,0.5001,0.8560,0.9606,22436
40761,0.2251,0.0217,0.2034,0.5001,0.8560,0.9575,22337
40824,0.2241,0.0204,0.2037,0.5001,0.8560,0.9597,22388
40887,0.2102,0.0168,0.1934,0.5001,0.8560,0.9600,22546
40950,0.2175,0.0195,0.1980,0.5001,0.8560,0.9591,22421
41013,0.2283,0.0251,0.2032,0.5662,0.8220,0.9575,22551
41076,0.2575,0.0502,0.2073,0.5662,0.8220,0.9589,21773
41139,0.2276,0.0275,0.2001,0.5662,0.8220,0.9571,22065
41202,0.2178,0.0175,0.2003,0.5662,0.8220,0.9576,22622
41265,0.2123,0.0185,0.1938,0.5662,0.8220,0.9592,22461
41328,0.2209,0.0212,0.1997,0.5662,0.8220,0.9582,22315
41391,0.2130,0.0190,0.1940,0.5662,0.8220,0.9594,22470
41454,0.1998,0.0141,0.1858,0.5662,0.8220,0.9623,22610
41517,0.2080,0.0104,0.1977,0.4282,0.8820,0.9604,22949
41580,0.2141,0.0138,0.2002,0.4282,0.8820,0.9579,22799
41643,0.2286,0.0277,0.2010,0.4282,0.8820,0.9556,22359
41706,0.2116,0.0180,0.1936,0.4282,0.8820,0.9578,22426
41769,0.2175,0.0238,0.1937,0.4282,0.8820,0.9580,22466
41832,0.2230,0.0230,0.2000,0.4282,0.8820,0.9578,22361
41895,0.2117,0.0118,0.1999,0.4282,0.8820,0.9592,22737
41958,0.2344,0.0316,0.2028,0.4282,0.8820,0.9604,22379
42021,0.2457,0.0436,0.2021,0.7564,0.8120,0.9595,21808
42084,0.2351,0.0286,0.2065,0.7564,0.8120,0.9601,21923
42147,0.2208,0.0197,0.2012,0.7564,0.8120,0.9587,22519
42210,0.2012,0.0097,0.1915,0.7564,0.8120,0.9609,22533
42273,0.1979,0.0098,0.1881,0.7564,0.8120,0.9620,22886
42336,0.2090,0.0160,0.1930,0.7564,0.8120,0.9609,22654
42399,0.2290,0.0248,0.2043,0.7564,0.8120,0.9586,22327
42462,0.2083,0.0124,0.1959,0.7564,0.8120,0.9620,22713
42525,0.2085,0.0162,0.1922,0.5112,0.8470,0.9582,22566
42588,0.1919,0.0095,0.1824,0.5112,0.8470,0.9584,22932
42651,0.2119,0.0145,0.1974,0.5112,0.8470,0.9573,22821
42714,0.1988,0.0084,0.1903,0.5112,0.8470,0.9606,23086
42777,0.2001,0.0142,0.1859,0.5112,0.8470,0.9593,22928
42840,0.2193,0.0233,0.1960,0.5112,0.8470,0.9576,22716
42903,0.2194,0.0206,0.1989,0.5112,0.8470,0.9591,22470
42966,0.2043,0.0159,0.1884,0.5112,0.8470,0.9588,22898
43029,0.2087,0.0194,0.1893,0.3998,0.8850,0.9608,22495
43092,0.2069,0.0175,0.1894,0.3998,0.8850,0.9587,22633
43155,0.2104,0.0173,0.1931,0.3998,0.8850,0.9585,22635
43218,0.2103,0.0186,0.1917,0.3998,0.8850,0.9617,22660
43281,0.2031,0.0126,0.1905,0.3998,0.8850,0.9598,22948
43344,0.1982,0.0111,0.1871,0.3998,0.8850,0.9612,22885
43407,0.2265,0.0242,0.2022,0.3998,0.8850,0.9574,22597
43470,0.2504,0.0407,0.2096,0.3998,0.8850,0.9537,21958
43533,0.2207,0.0256,0.1951,0.8824,0.8000,0.9585,22388
43596,0.2398,0.0378,0.2020,0.8824,0.8000,0.9560,21880
43659,0.2247,0.0240,0.2007,0.8824,0.8000,0.9593,22337
43722,0.2157,0.0253,0.1904,0.8824,0.8000,0.9581,22304
43785,0.2171,0.0192,0.1979,0.8824,0.8000,0.9603,22544
43848,0.2355,0.0321,0.2034,0.8824,0.8000,0.9561,22031
43911,0.2186,0.0255,0.1931,0.8824,0.8000,0.9569,22258
43974,0.2299,0.0280,0.2019,0.8824,0.8000,0.9584,22242
44037,0.2153,0.0168,0.1985,0.4870,0.8550,0.9618,22572
44100,0.2042,0.0104,0.1938,0.4870,0.8550,0.9605,22747
44163,0.1946,0.0089,0.1858,0.4870,0.8550,0.9628,23009
44226,0.1972,0.0112,0.1860,0.4870,0.8550,0.9613,23016
44289,0.1995,0.0119,0.1876,0.4870,0.8550,0.9602,22914
44352,0.2004,0.0121,0.1883,0.4870,0.8550,0.9577,22835
44415,0.1931,0.0090,0.1841,0.4870,0.8550,0.9598,23005
44478,0.1991,0.0099,0.1893,0.4870,0.8550,0.9598,23002
44541,0.1998,0.0166,0.1832,0.4543,0.8680,0.9605,22731
44604,0.2063,0.0193,0.1871,0.4543,0.8680,0.9612,22740
44667,0.2032,0.0148,0.1884,0.4543,0.8680,0.9596,22725
44730,0.1963,0.0128,0.1835,0.4543,0.8680,0.9582,22869
44793,0.1933,0.0098,0.1835,0.4543,0.8680,0.9636,22898
44856,0.1875,0.0081,0.1794,0.4543,0.8680,0.9623,23200
44919,0.2113,0.0147,0.1965,0.4543,0.8680,0.9606,22884
44982,0.1923,0.0089,0.1834,0.4543,0.8680,0.9617,23135
45045,0.1908,0.0077,0.1831,0.3647,0.8920,0.9598,23225
45108,0.1884,0.0069,0.1815,0.3647,0.8920,0.9604,23299
45171,0.1864,0.0066,0.1798,0.3647,0.8920,0.9597,23332
45234,0.1867,0.0070,0.1797,0.3647,0.8920,0.9629,23334
45297,0.2084,0.0152,0.1932,0.3647,0.8920,0.9560,23023
45360,0.2129,0.0239,0.1890,0.3647,0.8920,0.9601,22642
45423,0.2368,0.0392,0.1975,0.3647,0.8920,0.9575,22125
45486,0.2371,0.0365,0.2006,0.3647,0.8920,0.9588,21928
45549,0.2327,0.0331,0.1996,0.6838,0.8390,0.9587,22253
45612,0.2296,0.0273,0.2024,0.6838,0.8390,0.9585,22311
45675,0.2012,0.0170,0.1842,0.6838,0.8390,0.9604,22653
45738,0.2090,0.0178,0.1912,0.6838,0.8390,0.9604,22651
45801,0.2137,0.0192,0.1945,0.6838,0.8390,0.9583,22666
45864,0.1940,0.0126,0.1813,0.6838,0.8390,0.9606,22845
45927,0.1946,0.0081,0.1865,0.6838,0.8390,0.9612,23231
45990,0.2032,0.0149,0.1883,0.6838,0.8390,0.9620,23013
46053,0.2006,0.0129,0.1877,0.4373,0.8800,0.9603,23022
46116,0.1957,0.0123,0.1834,0.4373,0.8800,0.9602,23147
46179,0.1863,0.0078,0.1785,0.4373,0.8800,0.9628,23207
46242,0.2082,0.0190,0.1891,0.4373,0.8800,0.9603,22866
46305,0.1969,0.0116,0.1854,0.4373,0.8800,0.9617,22934
46368,0.1969,0.0110,0.1860,0.4373,0.8800,0.9617,23001
46431,0.2019,0.0131,0.1888,0.4373,0.8800,0.9596,22988
46494,0.2033,0.0143,0.1890,0.4373,0.8800,0.9604,22932
46557,0.1916,0.0118,0.1798,0.3814,0.8930,0.9600,22997
46620,0.1978,0.0135,0.1843,0.3814,0.8930,0.9609,23121
46683,0.1949,0.0090,0.1859,0.3814,0.8930,0.9586,23214
46746,0.1886,0.0062,0.1824,0.3814,0.8930,0.9599,23251
46809,0.1874,0.0091,0.1783,0.3814,0.8930,0.9617,23308
46872,0.1951,0.0105,0.1846,0.3814,0.8930,0.9610,23261
46935,0.1993,0.0138,0.1855,0.3814,0.8930,0.9595,23131
46998,0.1955,0.0117,0.1839,0.3814,0.8930,0.9627,23076
47061,0.1979,0.0141,0.1838,0.4425,0.8740,0.9587,22825
47124,0.2009,0.0149,0.1859,0.4425,0.8740,0.9587,23079
47187,0.1931,0.0101,0.1830,0.4425,0.8740,0.9621,23174
47250,0.2065,0.0157,0.1908,0.4425,0.8740,0.9593,23124
47313,0.2059,0.0162,0.1897,0.4425,0.8740,0.9634,23080
47376,0.2060,0.0185,0.1874,0.4425,0.8740,0.9600,22682
47439,0.2097,0.0268,0.1829,0.4425,0.8740,0.9607,22774
47502,0.2056,0.0163,0.1893,0.4512,0.8710,0.9611,22747
47565,0.2236,0.0282,0.1955,0.4512,0.8710,0.9604,22460
47628,0.2131,0.0195,0.1937,0.4512,0.8710,0.9628,22790
47691,0.2193,0.0269,0.1924,0.4512,0.8710,0.9607,22462
47754,0.2081,0.0186,0.1895,0.4512,0.8710,0.9614,22794
47817,0.2045,0.0142,0.1903,0.4512,0.8710,0.9568,22980
47880,0.2110,0.0167,0.1944,0.4512,0.8710,0.9593,22858
47943,0.2140,0.0252,0.1888,0.4512,0.8710,0.9610,22679
48006,0.1993,0.0116,0.1877,0.3145,0.9070,0.9623,23005
48069,0.1896,0.0117,0.1779,0.3145,0.9070,0.9609,23268
48132,0.2129,0.0219,0.1909,0.3145,0.9070,0.9590,22824
48195,0.1948,0.0135,0.1814,0.3145,0.9070,0.9604,22909
48258,0.1979,0.0132,0.1847,0.3145,0.9070,0.9580,23052
48321,0.1994,0.0144,0.1850,0.3145,0.9070,0.9598,23045
48384,0.1911,0.0108,0.1803,0.3145,0.9070,0.9602,23115
48447,0.1911,0.0129,0.1783,0.3145,0.9070,0.9637,23309
48510,0.2139,0.0265,0.1875,0.4748,0.8610,0.9613,22571
48573,0.2003,0.0173,0.1829,0.4748,0.8610,0.9576,22851
48636,0.1983,0.0123,0.1860,0.4748,0.8610,0.9614,22937
48699,0.1963,0.0144,0.1819,0.4748,0.8610,0.9633,23154
48762,0.1941,0.0104,0.1837,0.4748,0.8610,0.9641,23205
48825,0.1851,0.0059,0.1793,0.4748,0.8610,0.9626,23340
48888,0.1817,0.0069,0.1748,0.4748,0.8610,0.9617,23400
48951,0.1792,0.0051,0.1741,0.4748,0.8610,0.9643,23541
49014,0.1847,0.0083,0.1764,0.3894,0.8940,0.9617,23396
49077,0.1838,0.0087,0.1751,0.3894,0.8940,0.9598,23411
49140,0.1934,0.0094,0.1840,0.3894,0.8940,0.9610,23478
49203,0.1882,0.0098,0.1783,0.3894,0.8940,0.9605,23296
49266,0.1893,0.0115,0.1778,0.3894,0.8940,0.9610,23335
49329,0.1975,0.0168,0.1807,0.3894,0.8940,0.9606,23256
49392,0.2051,0.0187,0.1864,0.3894,0.8940,0.9575,23015
49455,0.2094,0.0205,0.1890,0.3894,0.8940,0.9593,22872
49518,0.2089,0.0235,0.1854,0.5139,0.8670,0.9617,22734
49581,0.1918,0.0118,0.1799,0.5139,0.8670,0.9592,23105
49644,0.1865,0.0066,0.1799,0.5139,0.8670,0.9586,23460
49707,0.1821,0.0056,0.1764,0.5139,0.8670,0.9595,23437
49770,0.1764,0.0042,0.1722,0.5139,0.8670,0.9647,23430
49833,0.1891,0.0107,0.1783,0.5139,0.8670,0.9623,23483
49896,0.1807,0.0060,0.1747,0.5139,0.8670,0.9617,23440
49959,0.1917,0.0136,0.1782,0.5139,0.8670,0.9597,23268
50022,0.1880,0.0095,0.1785,0.3718,0.8900,0.9616,23322
50085,0.1890,0.0081,0.1809,0.3718,0.8900,0.9600,23548
50148,0.1854,0.0081,0.1773,0.3718,0.8900,0.9618,23399
50211,0.1833,0.0074,0.1760,0.3718,0.8900,0.9624,23515
50274,0.1823,0.0084,0.1739,0.3718,0.8900,0.9595,23490
50337,0.1809,0.0072,0.1737,0.3718,0.8900,0.9627,23437
50400,0.1806,0.0067,0.1739,0.3718,0.8900,0.9630,23488
50463,0.1809,0.0057,0.1752,0.3718,0.8900,0.9624,23692
50526,0.1785,0.0092,0.1693,0.3594,0.8860,0.9611,23679
50589,0.1995,0.0133,0.1862,0.3594,0.8860,0.9612,23099
50652,0.1951,0.0177,0.1774,0.3594,0.8860,0.9588,23213
50715,0.2028,0.0186,0.1842,0.3594,0.8860,0.9596,23040
50778,0.1925,0.0137,0.1788,0.3594,0.8860,0.9589,23240
50841,0.2100,0.0244,0.1857,0.3594,0.8860,0.9609,22794
50904,0.2059,0.0183,0.1876,0.3594,0.8860,0.9599,22927
50967,0.1884,0.0107,0.1777,0.3594,0.8860,0.9634,23229
51030,0.1851,0.0103,0.1748,0.5474,0.8570,0.9617,23338
51093,0.1950,0.0131,0.1819,0.5474,0.8570,0.9626,23128
51156,0.1861,0.0111,0.1750,0.5474,0.8570,0.9611,23279
51219,0.1833,0.0093,0.1741,0.5474,0.8570,0.9604,23459
51282,0.1905,0.0132,0.1773,0.5474,0.8570,0.9592,23276
51345,0.1965,0.0148,0.1817,0.5474,0.8570,0.9605,23143
51408,0.1981,0.0171,0.1810,0.5474,0.8570,0.9600,23144
51471,0.1965,0.0151,0.1813,0.5474,0.8570,0.9604,22879
51534,0.2042,0.0194,0.1848,0.3725,0.8810,0.9608,22897
51597,0.1901,0.0112,0.1789,0.3725,0.8810,0.9637,23112
51660,0.1873,0.0082,0.1790,0.3725,0.8810,0.9618,23437
51723,0.1883,0.0115,0.1768,0.3725,0.8810,0.9597,23288
51786,0.1768,0.0069,0.1699,0.3725,0.8810,0.9627,23526
51849,0.1774,0.0074,0.1700,0.3725,0.8810,0.9619,23662
51912,0.1790,0.0074,0.1715,0.3725,0.8810,0.9618,23677
51975,0.1784,0.0068,0.1716,0.3725,0.8810,0.9620,23501
52038,0.1783,0.0064,0.1719,0.3452,0.8980,0.9606,23610
52101,0.1909,0.0180,0.1729,0.3452,0.8980,0.9619,23330
52164,0.2137,0.0297,0.1840,0.3452,0.8980,0.9596,22502
52227,0.2129,0.0279,0.1850,0.3452,0.8980,0.9600,22606
52290,0.1940,0.0151,0.1788,0.3452,0.8980,0.9628,23141
52353,0.1857,0.0094,0.1762,0.3452,0.8980,0.9629,23250
52416,0.1923,0.0124,0.1799,0.3452,0.8980,0.9605,23379
52479,0.1812,0.0106,0.1706,0.3452,0.8980,0.9626,23526
52542,0.1805,0.0101,0.1705,0.3282,0.9020,0.9622,23492
52605,0.1875,0.0100,0.1775,0.3282,0.9020,0.9615,23583
52668,0.1780,0.0102,0.1678,0.3282,0.9020,0.9617,23633
52731,0.1851,0.0121,0.1730,0.3282,0.9020,0.9594,23325
52794,0.1919,0.0139,0.1780,0.3282,0.9020,0.9623,23298
52857,0.1872,0.0133,0.1739,0.3282,0.9020,0.9604,23270
52920,0.1913,0.0101,0.1812,0.3282,0.9020,0.9642,23499
52983,0.1917,0.0162,0.1755,0.3282,0.9020,0.9599,23267
53046,0.1920,0.0133,0.1788,0.3329,0.9030,0.9617,23355
53109,0.1698,0.0083,0.1615,0.3329,0.9030,0.9641,23423
53172,0.1789,0.0087,0.1702,0.3329,0.9030,0.9636,23594
53235,0.1688,0.0056,0.1632,0.3329,0.9030,0.9632,23668
53298,0.1726,0.0044,0.1682,0.3329,0.9030,0.9624,23802
53361,0.1747,0.0085,0.1662,0.3329,0.9030,0.9636,23602
53424,0.1693,0.0055,0.1638,0.3329,0.9030,0.9627,23789
53487,0.1797,0.0085,0.1712,0.3329,0.9030,0.9615,23783
53550,0.1701,0.0055,0.1646,0.3582,0.8880,0.9649,23854
53613,0.1719,0.0052,0.1668,0.3582,0.8880,0.9633,23748
53676,0.1736,0.0067,0.1669,0.3582,0.8880,0.9636,23684
53739,0.1730,0.0082,0.1648,0.3582,0.8880,0.9622,23648
53802,0.1765,0.0108,0.1656,0.3582,0.8880,0.9625,23573
53865,0.1812,0.0122,0.1690,0.3582,0.8880,0.9620,23582
53928,0.1912,0.0144,0.1769,0.3582,0.8880,0.9652,23347
53991,0.2000,0.0221,0.1779,0.3582,0.8880,0.9612,23095
54054,0.1860,0.0154,0.1706,0.3562,0.8970,0.9607,23209
54117,0.1957,0.0212,0.1745,0.3562,0.8970,0.9607,23074
54180,0.1863,0.0120,0.1742,0.3562,0.8970,0.9648,23332
54243,0.1741,0.0062,0.1679,0.3562,0.8970,0.9645,23681
54306,0.1862,0.0090,0.1772,0.3562,0.8970,0.9617,23491
54369,0.1876,0.0156,0.1720,0.3562,0.8970,0.9630,23325
54432,0.1978,0.0210,0.1768,0.3562,0.8970,0.9632,23103
54495,0.1914,0.0189,0.1725,0.3562,0.8970,0.9624,22979
54558,0.1886,0.0121,0.1765,0.4040,0.8840,0.9597,23197
54621,0.1783,0.0068,0.1715,0.4040,0.8840,0.9625,23610
54684,0.1733,0.0051,0.1681,0.4040,0.8840,0.9625,23843
54747,0.1695,0.0052,0.1643,0.4040,0.8840,0.9644,23862
54810,0.1739,0.0075,0.1664,0.4040,0.8840,0.9638,23766
54873,0.1730,0.0057,0.1674,0.4040,0.8840,0.9619,23801
54936,0.1669,0.0039,0.1630,0.4040,0.8840,0.9634,23929
54999,0.1764,0.0068,0.1696,0.4040,0.8840,0.9637,23855
55062,0.1779,0.0085,0.1694,0.3666,0.9010,0.9610,23670
55125,0.1732,0.0063,0.1669,0.3666,0.9010,0.9625,23713
55188,0.1615,0.0043,0.1571,0.3666,0.9010,0.9635,23877
55251,0.1738,0.0058,0.1680,0.3666,0.9010,0.9617,23786
55314,0.1751,0.0062,0.1689,0.3666,0.9010,0.9633,23835
55377,0.1743,0.0093,0.1650,0.3666,0.9010,0.9622,23664
55440,0.1673,0.0060,0.1613,0.3666,0.9010,0.9616,23692
55503,0.1803,0.0098,0.1705,0.4426,0.8760,0.9628,23546
55566,0.1733,0.0069,0.1665,0.4426,0.8760,0.9615,23664
55629,0.1734,0.0074,0.1660,0.4426,0.8760,0.9620,23688
55692,0.1689,0.0056,0.1633,0.4426,0.8760,0.9635,23771
55755,0.1788,0.0103,0.1685,0.4426,0.8760,0.9611,23778
55818,0.2166,0.0327,0.1840,0.4426,0.8760,0.9605,23063
55881,0.1903,0.0187,0.1716,0.4426,0.8760,0.9633,23110
55944,0.1722,0.0115,0.1608,0.4426,0.8760,0.9639,23470
56007,0.1808,0.0092,0.1716,0.3410,0.8880,0.9624,23558
56070,0.1777,0.0069,0.1708,0.3410,0.8880,0.9624,23778
56133,0.1749,0.0080,0.1669,0.3410,0.8880,0.9625,23736
56196,0.1690,0.0058,0.1632,0.3410,0.8880,0.9640,23879
56259,0.1602,0.0047,0.1555,0.3410,0.8880,0.9644,23993
56322,0.1797,0.0087,0.1710,0.3410,0.8880,0.9617,23862
56385,0.1715,0.0070,0.1645,0.3410,0.8880,0.9619,23674
56448,0.1655,0.0052,0.1603,0.3410,0.8880,0.9623,23726
56511,0.1648,0.0042,0.1606,0.3467,0.9090,0.9621,23951
56574,0.1738,0.0069,0.1669,0.3467,0.9090,0.9625,23758
56637,0.1623,0.0045,0.1579,0.3467,0.9090,0.9609,23916
56700,0.1712,0.0059,0.1653,0.3467,0.9090,0.9630,23922
56763,0.1669,0.0060,0.1609,0.3467,0.9090,0.9638,23837
56826,0.1657,0.0051,0.1606,0.3467,0.9090,0.9614,23991
56889,0.1656,0.0070,0.1586,0.3467,0.9090,0.9636,23910
56952,0.1748,0.0135,0.1613,0.3467,0.9090,0.9616,23699
57015,0.1785,0.0072,0.1713,0.3375,0.8980,0.9610,23792
57078,0.1734,0.0097,0.1638,0.3375,0.8980,0.9605,23874
57141,0.1757,0.0124,0.1633,0.3375,0.8980,0.9620,23421
57204,0.1730,0.0094,0.1636,0.3375,0.8980,0.9637,23761
57267,0.1660,0.0065,0.1595,0.3375,0.8980,0.9631,23831
57330,0.1711,0.0058,0.1653,0.3375,0.8980,0.9641,23955
57393,0.1708,0.0066,0.1642,0.3375,0.8980,0.9620,24084
57456,0.1732,0.0048,0.1684,0.3375,0.8980,0.9662,23952
57519,0.1598,0.0041,0.1557,0.3304,0.9010,0.9647,23996
57582,0.1659,0.0084,0.1575,0.3304,0.9010,0.9620,24049
57645,0.1664,0.0074,0.1590,0.3304,0.9010,0.9619,23975
57708,0.1795,0.0125,0.1670,0.3304,0.9010,0.9605,23759
57771,0.1846,0.0138,0.1708,0.3304,0.9010,0.9605,23485
57834,0.1870,0.0166,0.1703,0.3304,0.9010,0.9631,23444
57897,0.1728,0.0117,0.1611,0.3304,0.9010,0.9612,23522
57960,0.1760,0.0080,0.1679,0.3304,0.9010,0.9642,23806
58023,0.1811,0.0143,0.1668,0.4299,0.8830,0.9633,23611
58086,0.1697,0.0094,0.1602,0.4299,0.8830,0.9622,23655
58149,0.1735,0.0092,0.1642,0.4299,0.8830,0.9629,23696
58212,0.1650,0.0044,0.1606,0.4299,0.8830,0.9625,23889
58275,0.1643,0.0057,0.1586,0.4299,0.8830,0.9648,23947
58338,0.1713,0.0070,0.1643,0.4299,0.8830,0.9621,23862
58401,0.1698,0.0058,0.1640,0.4299,0.8830,0.9608,23948
58464,0.1640,0.0060,0.1580,0.4299,0.8830,0.9616,23846
58527,0.1559,0.0050,0.1509,0.3286,0.9070,0.9638,23994
58590,0.1542,0.0041,0.1501,0.3286,0.9070,0.9624,24178
58653,0.1669,0.0046,0.1623,0.3286,0.9070,0.9627,24053
58716,0.1515,0.0047,0.1468,0.3286,0.9070,0.9627,24129
58779,0.1604,0.0038,0.1566,0.3286,0.9070,0.9635,24115
58842,0.1564,0.0035,0.1529,0.3286,0.9070,0.9644,24244
58905,0.1575,0.0035,0.1540,0.3286,0.9070,0.9628,24281
58968,0.1606,0.0036,0.1570,0.3286,0.9070,0.9656,24181
59031,0.1533,0.0031,0.1502,0.3360,0.9040,0.9641,24278
59094,0.1607,0.0049,0.1558,0.3360,0.9040,0.9666,24390
59157,0.1638,0.0062,0.1577,0.3360,0.9040,0.9614,24210
59220,0.1625,0.0060,0.1565,0.3360,0.9040,0.9654,24072
59283,0.1612,0.0040,0.1572,0.3360,0.9040,0.9630,24205
59346,0.1583,0.0056,0.1528,0.3360,0.9040,0.9649,24142
59409,0.1610,0.0055,0.1555,0.3360,0.9040,0.9636,24179
59472,0.1581,0.0052,0.1529,0.3360,0.9040,0.9626,24233
59535,0.1618,0.0049,0.1570,0.4311,0.8870,0.9635,24139
59598,0.1660,0.0041,0.1619,0.4311,0.8870,0.9623,24237
59661,0.1627,0.0077,0.1551,0.4311,0.8870,0.9641,24183
59724,0.1670,0.0088,0.1582,0.4311,0.8870,0.9626,23922
59787,0.1634,0.0086,0.1548,0.4311,0.8870,0.9620,23889
59850,0.1789,0.0163,0.1626,0.4311,0.8870,0.9641,23566
59913,0.1758,0.0118,0.1640,0.4311,0.8870,0.9628,23644
59976,0.1582,0.0072,0.1510,0.4311,0.8870,0.9639,23852
60039,0.1608,0.0061,0.1547,0.3894,0.8950,0.9629,24197
60102,0.1725,0.0091,0.1634,0.3894,0.8950,0.9636,23939
60165,0.1558,0.0074,0.1485,0.3894,0.8950,0.9650,23976
60228,0.1615,0.0042,0.1573,0.3894,0.8950,0.9644,24214
60291,0.1585,0.0049,0.1536,0.3894,0.8950,0.9624,24131
60354,0.1698,0.0064,0.1634,0.3894,0.8950,0.9604,24176
60417,0.1607,0.0057,0.1550,0.3894,0.8950,0.9635,24179
60480,0.1628,0.0052,0.1577,0.3894,0.8950,0.9637,24201
60543,0.1678,0.0063,0.1615,0.3264,0.8980,0.9608,24067
60606,0.1608,0.0050,0.1558,0.3264,0.8980,0.9630,24131
60669,0.1634,0.0069,0.1565,0.3264,0.8980,0.9646,24175
60732,0.1567,0.0042,0.1525,0.3264,0.8980,0.9646,24184
60795,0.1522,0.0038,0.1484,0.3264,0.8980,0.9631,24353
60858,0.1542,0.0039,0.1503,0.3264,0.8980,0.9624,24339
60921,0.1579,0.0078,0.1501,0.3264,0.8980,0.9650,24156
60984,0.1620,0.0042,0.1579,0.3264,0.8980,0.9630,24285
61047,0.1547,0.0056,0.1491,0.3512,0.8910,0.9644,24211
61110,0.1610,0.0054,0.1555,0.3512,0.8910,0.9627,24172
61173,0.1557,0.0053,0.1504,0.3512,0.8910,0.9628,24252
61236,0.1518,0.0045,0.1474,0.3512,0.8910,0.9632,24354
61299,0.1559,0.0057,0.1502,0.3512,0.8910,0.9643,24401
61362,0.1665,0.0122,0.1543,0.3512,0.8910,0.9647,23919
61425,0.1576,0.0060,0.1517,0.3512,0.8910,0.9622,24048
61488,0.1563,0.0049,0.1515,0.3512,0.8910,0.9644,24321
61551,0.1480,0.0039,0.1440,0.2720,0.9190,0.9640,24325
61614,0.1542,0.0048,0.1494,0.2720,0.9190,0.9637,24268
61677,0.1503,0.0044,0.1460,0.2720,0.9190,0.9625,24316
61740,0.1554,0.0046,0.1508,0.2720,0.9190,0.9638,24317
61803,0.1579,0.0053,0.1526,0.2720,0.9190,0.9635,24229
61866,0.1558,0.0057,0.1501,0.2720,0.9190,0.9620,24338
61929,0.1590,0.0051,0.1538,0.2720,0.9190,0.9631,24412
61992,0.1532,0.0060,0.1472,0.2720,0.9190,0.9630,24321
62055,0.1579,0.0055,0.1524,0.2799,0.9100,0.9630,24458
62118,0.1545,0.0064,0.1481,0.2799,0.9100,0.9647,24334
62181,0.1595,0.0053,0.1542,0.2799,0.9100,0.9621,24279
62244,0.1511,0.0036,0.1475,0.2799,0.9100,0.9643,24347
62307,0.1543,0.0033,0.1509,0.2799,0.9100,0.9642,24450
62370,0.1472,0.0050,0.1421,0.2799,0.9100,0.9635,24378
62433,0.1545,0.0077,0.1468,0.2799,0.9100,0.9638,24200
62496,0.1462,0.0050,0.1411,0.2799,0.9100,0.9629,24290
62559,0.1590,0.0093,0.1496,0.2990,0.9110,0.9624,24225
62622,0.1624,0.0065,0.1559,0.2990,0.9110,0.9630,24183
62685,0.1518,0.0062,0.1456,0.2990,0.9110,0.9643,24283
62748,0.1547,0.0046,0.1501,0.2990,0.9110,0.9648,24399
62811,0.1607,0.0068,0.1538,0.2990,0.9110,0.9622,24250
62874,0.1515,0.0048,0.1467,0.2990,0.9110,0.9633,24227
62937,0.1510,0.0036,0.1475,0.2990,0.9110,0.9644,24297
63000,0.1456,0.0035,0.1420,0.2433,0.9230,0.9619,24449
63063,0.1491,0.0043,0.1448,0.2433,0.9230,0.9642,24416
63126,0.1499,0.0036,0.1463,0.2433,0.9230,0.9621,24544
63189,0.1501,0.0051,0.1449,0.2433,0.9230,0.9641,24340
63252,0.1483,0.0026,0.1457,0.2433,0.9230,0.9650,24637
63315,0.1505,0.0041,0.1464,0.2433,0.9230,0.9636,24431
63378,0.1527,0.0041,0.1487,0.2433,0.9230,0.9610,24565
63441,0.1478,0.0036,0.1442,0.2433,0.9230,0.9625,24484
63504,0.1516,0.0036,0.1479,0.3452,0.9000,0.9604,24592
63567,0.1559,0.0034,0.1525,0.3452,0.9000,0.9621,24502
63630,0.1421,0.0031,0.1389,0.3452,0.9000,0.9649,24525
63693,0.1448,0.0029,0.1418,0.3452,0.9000,0.9641,24649
63756,0.1450,0.0044,0.1406,0.3452,0.9000,0.9621,24544
63819,0.1422,0.0032,0.1391,0.3452,0.9000,0.9630,24627
63882,0.1483,0.0051,0.1432,0.3452,0.9000,0.9623,24528
63945,0.1470,0.0039,0.1431,0.3452,0.9000,0.9612,24583
64008,0.1481,0.0056,0.1425,0.3285,0.9080,0.9613,24524
64071,0.1421,0.0042,0.1379,0.3285,0.9080,0.9639,24465
64134,0.1394,0.0026,0.1368,0.3285,0.9080,0.9643,24628
64197,0.1506,0.0041,0.1466,0.3285,0.9080,0.9626,24621
64260,0.1486,0.0039,0.1448,0.3285,0.9080,0.9634,24608
64323,0.1387,0.0025,0.1362,0.3285,0.9080,0.9636,24574
64386,0.1420,0.0024,0.1396,0.3285,0.9080,0.9634,24646
64449,0.1388,0.0033,0.1355,0.3285,0.9080,0.9635,24587
64512,0.1501,0.0069,0.1433,0.2777,0.9310,0.9634,24403
64575,0.1435,0.0037,0.1398,0.2777,0.9310,0.9632,24530
64638,0.1484,0.0044,0.1440,0.2777,0.9310,0.9626,24720
64701,0.1421,0.0038,0.1382,0.2777,0.9310,0.9642,24504
64764,0.1418,0.0028,0.1390,0.2777,0.9310,0.9630,24597
64827,0.1435,0.0030,0.1405,0.2777,0.9310,0.9637,24732
64890,0.1383,0.0032,0.1351,0.2777,0.9310,0.9635,24760
64953,0.1418,0.0036,0.1382,0.2777,0.9310,0.9643,24655
65016,0.1478,0.0039,0.1440,0.3573,0.9050,0.9629,24686
65079,0.1424,0.0021,0.1403,0.3573,0.9050,0.9660,24684
65142,0.1405,0.0028,0.1378,0.3573,0.9050,0.9642,24853
65205,0.1369,0.0029,0.1340,0.3573,0.9050,0.9618,24827
65268,0.1412,0.0022,0.1390,0.3573,0.9050,0.9646,24779
65331,0.1437,0.0031,0.1406,0.3573,0.9050,0.9633,24779
65394,0.1394,0.0037,0.1357,0.3573,0.9050,0.9643,24724
65457,0.1372,0.0034,0.1338,0.3573,0.9050,0.9621,24841
65520,0.1400,0.0026,0.1374,0.3122,0.9100,0.9638,24752
65583,0.1382,0.0023,0.1358,0.2707,0.9240,0.9609,24791
